feature,mean_abs_shap,mean_shap,positive_impact%,rank,direction
EXT_SOURCE_MEAN,0.4006560170333728,-0.009113213195762094,44.2,1,↓ Decreases Risk
CODE_GENDER,0.12402502870109249,-0.0009113798352467073,33.550000000000004,2,↓ Decreases Risk
CREDIT_TERM,0.12118317360195642,0.007164593726586158,52.2,3,↑ Increases Risk
POS_CNT_INSTALMENT_MAX,0.09690237713410899,-0.0023237861968957193,19.05,4,↓ Decreases Risk
NAME_EDUCATION_TYPE,0.09376613295941526,-0.0022737773127911817,71.89999999999999,5,↓ Decreases Risk
INST_PAID_LATE_RATE,0.0924184208957765,-0.0024826862351340277,40.400000000000006,6,↓ Decreases Risk
PREV_AMT_ANNUITY_MEAN,0.09142403001471204,0.0017263606983954729,58.8,7,↑ Increases Risk
CREDIT_GOODS_DIFF,0.07872903092988608,-0.0009493939010310896,40.949999999999996,8,↓ Decreases Risk
PREV_APP_CREDIT_RATIO_MEAN,0.0700419557273594,-0.00018889645645485533,45.2,9,↓ Decreases Risk
AMT_ANNUITY,0.0626802636145817,0.00027852373144667697,52.300000000000004,10,↑ Increases Risk
CREDIT_GOODS_RATIO,0.06236690120760092,-0.002366347759214772,38.35,11,↓ Decreases Risk
EXT_SOURCE_MEAN_x_AGE,0.06070744787374977,-0.0003536148052087331,50.0,12,↓ Decreases Risk
EXT_SOURCE_MIN,0.05999206696301649,-0.0008437031471764972,25.650000000000002,13,↓ Decreases Risk
AMT_GOODS_PRICE,0.057975456446071744,0.009152419612230903,63.6,14,↑ Increases Risk
BUREAU_DEBT_CREDIT_RATIO,0.05694682070928041,0.001863974050764654,30.599999999999998,15,↑ Increases Risk
PREV_REFUSAL_RATE,0.05593910657228363,0.0010128725375019387,24.8,16,↑ Increases Risk
EXT_SOURCE_WEIGHTED,0.05097012217196609,0.005573971736121322,82.25,17,↑ Increases Risk
EXT_SOURCE_MAX,0.04976829505147333,0.007865146148264755,67.55,18,↑ Increases Risk
POS_MONTHS_COUNT,0.048662078754512846,0.00016835163982135216,50.949999999999996,19,↑ Increases Risk
NAME_FAMILY_STATUS,0.04751345776360648,0.0010856359810046874,35.55,20,↑ Increases Risk
EXT_SOURCE_3,0.0467397332652377,-0.0012772763677173977,35.0,21,↓ Decreases Risk
INST_COUNT,0.04672550476535819,0.0018866714419576358,60.9,22,↑ Increases Risk
POS_CNT_INSTALMENT_MEAN,0.04497900864881106,-0.0016360860177392254,35.8,23,↓ Decreases Risk
FLAG_OWN_CAR,0.04419875038374446,0.0019874809775668367,66.3,24,↑ Increases Risk
ORGANIZATION_TYPE,0.04362891420470691,-0.0004707385037113597,66.3,25,↓ Decreases Risk
EMPLOY_TO_AGE_RATIO,0.04234745007234301,0.0012331850881109221,54.25,26,↑ Increases Risk
OWN_CAR_AGE,0.03924564356526772,0.001198812410084493,84.6,27,↑ Increases Risk
REGION_POPULATION_RELATIVE,0.03918423637154864,0.0007886804063926511,53.349999999999994,28,↑ Increases Risk
INST_PAID_EARLY_RATE,0.039049854795206854,-0.002473994713094752,51.55,29,↓ Decreases Risk
POS_ACTIVE_COUNT,0.03842275684445758,0.001840547345999536,60.0,30,↑ Increases Risk
FLAG_DOCUMENT_3,0.03681806605198284,-0.0014418706441344856,69.6,31,↓ Decreases Risk
DAYS_EMPLOYED,0.03573153837754254,0.002372177813008649,53.349999999999994,32,↑ Increases Risk
DOCUMENT_COUNT,0.03428989432426413,-0.00041624730186753554,87.2,33,↓ Decreases Risk
BUREAU_DAYS_CREDIT_MEAN,0.03406438006771118,0.001962614351852623,56.55,34,↑ Increases Risk
AMT_REQ_CREDIT_BUREAU_QRT,0.03387000365772041,-0.0012195886182530152,82.89999999999999,35,↓ Decreases Risk
YEARS_ID_PUBLISH,0.03316355780905699,-0.0012961468889470611,68.25,36,↓ Decreases Risk
CC_CNT_DRAWINGS_MEAN,0.033104190501114204,-0.0017819543805079117,9.85,37,↓ Decreases Risk
PREV_RATE_DOWN_MAX,0.033086896222334454,0.0009504814552999418,70.85000000000001,38,↑ Increases Risk
ANNUITY_PER_PERSON,0.03294435157837035,-0.002311238255236662,60.199999999999996,39,↓ Decreases Risk
NAME_INCOME_TYPE,0.032298729637091676,0.0011692946708238734,52.65,40,↑ Increases Risk
DAYS_BIRTH,0.03093923194066094,0.00224161877726939,64.8,41,↑ Increases Risk
ANNUITY_INCOME_RATIO,0.03073635506548333,0.0017797033306929447,45.45,42,↑ Increases Risk
INST_DAYS_LATE_MAX,0.030684866717328382,-0.0025397121759585073,42.35,43,↓ Decreases Risk
OCCUPATION_TYPE,0.030609773749031444,0.0009966199800089711,53.0,44,↑ Increases Risk
EXT_SOURCE_1,0.03052913581808891,0.0012102849437595623,62.45,45,↑ Increases Risk
BUREAU_AMT_CREDIT_DEBT_MEAN,0.030045276783954925,0.00010587595018709041,49.85,46,↑ Increases Risk
CC_OVER_LIMIT_RATE,0.030026992931190294,-0.0010262518220137044,8.649999999999999,47,↓ Decreases Risk
PREV_AMT_CREDIT_MAX,0.029001670911304695,-0.0013470093189186878,45.6,48,↓ Decreases Risk
BUREAU_AMT_CREDIT_SUM_MAX,0.02879855785583332,-0.0007915757162190704,79.25,49,↓ Decreases Risk
BUREAU_ACTIVE_COUNT,0.02873522264555604,0.001496310048286973,16.45,50,↑ Increases Risk
FLAG_WORK_PHONE,0.028415848086623285,0.0003246148824791357,22.0,51,↑ Increases Risk
CC_UTILISATION_MAX,0.028345801616998494,0.00201639139080366,88.14999999999999,52,↑ Increases Risk
INST_DAYS_LATE_SUM,0.02774562736568095,0.0018803512904785442,57.99999999999999,53,↑ Increases Risk
EXT_SOURCE_2,0.026876030667708002,0.0011523706787802477,67.0,54,↑ Increases Risk
YEARS_EMPLOYED,0.026436633805014896,0.002047517767500587,62.45,55,↑ Increases Risk
PREV_DAYS_DECISION_MEAN,0.02527810539815103,-0.0010871253340502354,48.25,56,↓ Decreases Risk
PREV_DAYS_DECISION_MIN,0.025126995630593812,0.0019431299034844592,69.69999999999999,57,↑ Increases Risk
DAYS_ID_PUBLISH,0.024816455607616982,0.0022060663781719066,67.30000000000001,58,↑ Increases Risk
AMT_CREDIT,0.024108042707525524,-0.005742589889987206,44.7,59,↓ Decreases Risk
BUREAU_AMT_OVERDUE_MAX,0.0239248822618558,0.0016313524099455616,20.65,60,↑ Increases Risk
REGION_RATING_CLIENT_W_CITY,0.02317646373901314,0.0005796387737937503,54.400000000000006,61,↑ Increases Risk
SOCIAL_CIRCLE_DEFAULT_RATIO,0.02317496920598134,-0.0009379073831636446,10.45,62,↓ Decreases Risk
POS_MONTHS_BALANCE_MEAN,0.02269245692397917,0.0027134211303089036,36.3,63,↑ Increases Risk
BB_MONTHS_COUNT_MEAN,0.021945912999460724,-0.00024542146349941355,73.0,64,↓ Decreases Risk
AGE_YEARS,0.021843893799741193,0.0005174513209136393,60.050000000000004,65,↑ Increases Risk
INST_DAYS_LATE_STD,0.020953295097998707,-0.0009821858109301115,39.050000000000004,66,↓ Decreases Risk
BUREAU_DAYS_CREDIT_MIN,0.020736737400613495,-0.0006958134244996816,61.8,67,↓ Decreases Risk
INST_PAYMENT_RATIO_MEAN,0.020033267576905905,-6.825666754776687e-05,69.8,68,↓ Decreases Risk
DAYS_LAST_PHONE_CHANGE,0.019678192300330515,0.0012703119736272757,43.35,69,↑ Increases Risk
CC_MIN_PAYMENT_RATIO_MEAN,0.01943942791048515,0.002828551674086209,92.75,70,↑ Increases Risk
BUREAU_AMT_CREDIT_SUM_MEAN,0.019023784122787265,-0.0020508632763367608,49.3,71,↓ Decreases Risk
POS_COMPLETION_RATE,0.018828139338376768,0.002248551270883209,70.95,72,↑ Increases Risk
EXT_SOURCE_PROD,0.01838508911591716,-0.004277588554054296,28.849999999999998,73,↓ Decreases Risk
CREDIT_INCOME_RATIO,0.01801021712515902,0.000128215876371066,61.7,74,↑ Increases Risk
INST_UNDERPAID_RATE,0.017066714812150285,-0.0008234438879286675,21.9,75,↓ Decreases Risk
BUREAU_AMT_CREDIT_LIMIT_MEAN,0.016744520362030498,-0.0011908666148366938,90.2,76,↓ Decreases Risk
POS_DPD_DEF_SUM,0.01645856818808321,0.002031438060776616,13.700000000000001,77,↑ Increases Risk
PREV_APPROVAL_RATE,0.016268766954759165,-0.001442526062106806,27.650000000000002,78,↓ Decreases Risk
HOUR_APPR_PROCESS_START,0.015770515628200536,0.00019641427659918212,59.95,79,↑ Increases Risk
INST_PAYMENT_RATIO_STD,0.015761905888855027,1.7731811905698187e-05,74.45,80,↑ Increases Risk
BUREAU_AMT_OVERDUE_MEAN,0.01560246314215971,0.0007910733848725484,19.5,81,↑ Increases Risk
EXT_SOURCE_COUNT,0.015356049177303002,0.0006808957410407106,61.95,82,↑ Increases Risk
BUREAU_ACTIVE_RATIO,0.015338038810549258,0.0005766954909643832,58.599999999999994,83,↑ Increases Risk
YEARS_PHONE_CHANGE,0.015002943480016219,0.0015680304676777067,54.55,84,↑ Increases Risk
AGE_GROUP,0.014653549671668646,-7.019013718576893e-06,52.949999999999996,85,↓ Decreases Risk
REG_CITY_NOT_LIVE_CITY,0.01464082329797988,-0.0003896842612068104,6.950000000000001,86,↓ Decreases Risk
WEEKDAY_APPR_PROCESS_START,0.014566872728423481,0.00047998293933289413,45.1,87,↑ Increases Risk
YEARS_REGISTRATION,0.013563003807849321,-0.0003588196746718847,65.45,88,↓ Decreases Risk
BUREAU_AMT_CREDIT_DEBT_SUM,0.013309709620286343,-0.0009422334770363683,29.099999999999998,89,↓ Decreases Risk
PREV_RATE_DOWN_MEAN,0.013111521924502316,0.0008427737496072837,70.6,90,↑ Increases Risk
EXT_SOURCE_RANGE,0.012766932993713925,-0.001244582790261736,33.5,91,↓ Decreases Risk
CC_UTILISATION_MEAN,0.012757405596634717,0.001368156762670718,82.85,92,↑ Increases Risk
BUREAU_CLOSED_COUNT,0.011760265888849033,-0.00036233497765227057,66.9,93,↓ Decreases Risk
INST_AMT_SHORTFALL_MEAN,0.011423802194640514,-0.000979541625098907,25.55,94,↓ Decreases Risk
EXT_SOURCE_STD,0.011122927975684089,0.003244912682447612,53.55,95,↑ Increases Risk
DAYS_REGISTRATION,0.010840471770939513,-0.0005679149890966867,55.2,96,↓ Decreases Risk
BUREAU_AMT_CREDIT_SUM_SUM,0.010771442589762082,-0.0004704803096424034,42.449999999999996,97,↓ Decreases Risk
INCOME_PER_PERSON,0.009523184695386367,9.213534990912858e-05,45.35,98,↑ Increases Risk
AMT_INCOME_TOTAL,0.009492327352484044,0.0003039668634653103,53.5,99,↑ Increases Risk
OBS_60_CNT_SOCIAL_CIRCLE,0.009414515264354165,-9.708910399549062e-05,53.15,100,↓ Decreases Risk
INST_DAYS_EARLY_MEAN,0.009411485808627202,-0.0001602056737794823,41.15,101,↓ Decreases Risk
FLAG_PHONE,0.009130308906386192,-0.00031449539670494404,70.8,102,↓ Decreases Risk
CC_AMT_DRAWINGS_MEAN,0.008674768709539746,0.00034631366166222154,70.8,103,↑ Increases Risk
EXT_SOURCE_MEAN_x_CREDIT_RATIO,0.008240847295411935,-0.001118852989157504,40.150000000000006,104,↓ Decreases Risk
INST_DAYS_LATE_MEAN,0.008063083097570164,-0.0017406260160097917,38.1,105,↓ Decreases Risk
INST_AMT_SHORTFALL_SUM,0.008027706987774733,-0.0005852956885015747,24.45,106,↓ Decreases Risk
INST_PAYMENT_RATIO_MIN,0.007848131922834648,-0.000798023287129346,66.75,107,↓ Decreases Risk
WALLSMATERIAL_MODE,0.00755112056030203,5.555301476668109e-05,26.5,108,↑ Increases Risk
APARTMENTS_MODE,0.0073945571647992935,-0.0003677434345375198,69.45,109,↓ Decreases Risk
PREV_APP_COUNT,0.007060607168273135,-0.00078098905981558,36.0,110,↓ Decreases Risk
BUREAU_LOAN_COUNT,0.006650385732062025,-0.0005049171425510374,54.449999999999996,111,↓ Decreases Risk
CC_DPD_FLAG_SUM,0.006497572961685834,-9.159610558198696e-05,96.0,112,↓ Decreases Risk
PREV_AMT_CREDIT_MEAN,0.006440276983719061,-0.0009192575541316637,46.7,113,↓ Decreases Risk
DEF_60_CNT_SOCIAL_CIRCLE,0.006021318074450304,7.866171998055579e-05,8.1,114,↑ Increases Risk
OBS_30_CNT_SOCIAL_CIRCLE,0.0057116901619160545,-0.0002033246023429245,53.900000000000006,115,↓ Decreases Risk
CC_MONTHS_COUNT,0.005518716653455711,0.0012310210076589315,74.9,116,↑ Increases Risk
ENTRANCES_MEDI,0.0052527938123378,8.199877238281325e-05,24.3,117,↑ Increases Risk
PREV_APPROVED_COUNT,0.005013884555403275,-0.00013914690238444065,49.55,118,↓ Decreases Risk
FLOORSMAX_MEDI,0.004876522660444843,1.74206749036138e-05,79.25,119,↑ Increases Risk
YEARS_BEGINEXPLUATATION_MEDI,0.00485296934810327,0.0003145122232173313,73.2,120,↑ Increases Risk
CC_AMT_BALANCE_MAX,0.00481087529994836,-0.000609421190190771,12.65,121,↓ Decreases Risk
TOTALAREA_MODE,0.004732561606512579,0.00010836022503738484,63.55,122,↑ Increases Risk
POS_COMPLETED_COUNT,0.004460536167925999,-0.00028612543801116437,46.75,123,↓ Decreases Risk
REGION_RATING_CLIENT,0.004419734813850373,0.0003621149267947013,83.15,124,↑ Increases Risk
BASEMENTAREA_MODE,0.004323859154821868,-0.00015025778853363075,48.0,125,↓ Decreases Risk
YEARS_BEGINEXPLUATATION_AVG,0.004313134835462385,0.00032802827441881277,76.44999999999999,126,↑ Increases Risk
YEARS_BEGINEXPLUATATION_MODE,0.004261467035066943,0.0003170559493959044,71.45,127,↑ Increases Risk
YEARS_BUILD_MODE,0.004219935352788247,-0.00038117754297942207,76.95,128,↓ Decreases Risk
COMMONAREA_MEDI,0.00420872890819967,-7.137879302553988e-05,75.2,129,↓ Decreases Risk
NAME_HOUSING_TYPE,0.004168010249994734,-0.00019307233081506284,16.0,130,↓ Decreases Risk
APARTMENTS_AVG,0.004108538920088726,-0.00010976729063681759,54.900000000000006,131,↓ Decreases Risk
CC_MIN_PAYMENT_RATIO_MIN,0.004063290142127651,0.0003128351649459355,94.6,132,↑ Increases Risk
PREV_REFUSED_COUNT,0.004040733725082731,0.00024068390951278328,21.95,133,↑ Increases Risk
LANDAREA_MODE,0.004008208846866874,-0.00015352146510322476,63.0,134,↓ Decreases Risk
NONLIVINGAREA_AVG,0.003977173907156189,-0.0005355608118523497,60.650000000000006,135,↓ Decreases Risk
BASEMENTAREA_AVG,0.003821984972069626,-0.0001805406784116755,67.0,136,↓ Decreases Risk
DEF_30_CNT_SOCIAL_CIRCLE,0.0038033031927148216,-0.00018696597272694962,10.7,137,↓ Decreases Risk
CC_AMT_BALANCE_MEAN,0.003803042002399572,0.0002529542655912495,79.35,138,↑ Increases Risk
LANDAREA_AVG,0.0038004575088116544,-2.8719428239551805e-05,69.35,139,↓ Decreases Risk
COMMONAREA_AVG,0.0037906509909466837,-0.00017802621378304803,76.75,140,↓ Decreases Risk
LIVINGAREA_MODE,0.003704997753103597,-2.33350974245487e-05,43.75,141,↓ Decreases Risk
COMMONAREA_MODE,0.0036277850807564637,-0.00015310345265928313,74.15,142,↓ Decreases Risk
BB_DPD_RATE_MEAN,0.0035709342589895564,0.0005750010103084261,6.35,143,↑ Increases Risk
CC_AMT_PAYMENT_MEAN,0.0034258315640268155,0.00069223101787682,46.9,144,↑ Increases Risk
LIVINGAREA_MEDI,0.003393830892160072,-0.00023999245668774783,68.55,145,↓ Decreases Risk
ENTRANCES_AVG,0.0032769615555791397,0.00018581369453752111,70.19999999999999,146,↑ Increases Risk
LIVINGAREA_AVG,0.0032707625497374283,0.00047210354589274304,64.1,147,↑ Increases Risk
FLOORSMAX_AVG,0.003145321297821705,-0.00013586275191438898,69.65,148,↓ Decreases Risk
NONLIVINGAREA_MEDI,0.003086552333736061,-1.9670585033391923e-05,68.8,149,↓ Decreases Risk
LANDAREA_MEDI,0.0030282759266257848,0.00012971226879126305,62.050000000000004,150,↑ Increases Risk
INST_UNDERPAID_COUNT,0.0030203276148731066,-0.00027396260222756327,84.39999999999999,151,↓ Decreases Risk
LIVINGAPARTMENTS_AVG,0.0029463854841807924,9.366231126346745e-06,35.8,152,↑ Increases Risk
AMT_REQ_CREDIT_BUREAU_YEAR,0.0029034630492831446,7.634519999733017e-05,55.2,153,↑ Increases Risk
BASEMENTAREA_MEDI,0.002861864768718093,0.00017303391070109736,61.5,154,↑ Increases Risk
NAME_TYPE_SUITE,0.0028133167987482183,-0.00022058003992345043,62.7,155,↓ Decreases Risk
YEARS_BUILD_MEDI,0.0027704028138403826,8.017553294913557e-05,81.75,156,↑ Increases Risk
APARTMENTS_MEDI,0.002762846774834969,0.00046173602773348074,60.35,157,↑ Increases Risk
NONLIVINGAREA_MODE,0.002718301308729805,0.00012179489685421155,73.75,158,↑ Increases Risk
AMT_REQ_CREDIT_BUREAU_MON,0.002684143103475425,-0.000186897175932128,86.85000000000001,159,↓ Decreases Risk
NONLIVINGAPARTMENTS_AVG,0.002666371664644581,-8.965650955538152e-05,15.55,160,↓ Decreases Risk
CNT_FAM_MEMBERS,0.0026310127663201122,0.0002121594524087748,29.9,161,↑ Increases Risk
POS_DPD_FLAG_MEAN,0.0025254526048963536,-0.00034722541145066737,23.200000000000003,162,↓ Decreases Risk
FONDKAPREMONT_MODE,0.002512364040447006,0.0004342677324064368,82.35,163,↑ Increases Risk
POS_SK_DPD_MEAN,0.002505582728022321,-0.00022355750744152642,21.349999999999998,164,↓ Decreases Risk
LIVINGAPARTMENTS_MODE,0.0025037695640051172,7.714282151780187e-05,55.75,165,↑ Increases Risk
CNT_CHILDREN,0.002463911647293968,0.00023354433715360476,39.95,166,↑ Increases Risk
CC_OVER_LIMIT_COUNT,0.0024339223487907114,6.802455345664797e-05,90.85,167,↑ Increases Risk
NAME_CONTRACT_TYPE,0.0023955548284935453,-0.0003538428198866559,90.0,168,↓ Decreases Risk
ELEVATORS_AVG,0.002374516225256125,-7.63518913922491e-05,74.35000000000001,169,↓ Decreases Risk
CC_AMT_PAYMENT_MAX,0.002311914485015666,-0.00018101830434916232,19.85,170,↓ Decreases Risk
LIVINGAPARTMENTS_MEDI,0.0022719879184398425,-0.00017817396857857732,46.400000000000006,171,↓ Decreases Risk
INST_PAID_LATE_COUNT,0.0022380398687361354,-0.00038077285305329535,44.800000000000004,172,↓ Decreases Risk
CONTACT_COUNT,0.002093020408098883,-0.0002047416455884534,61.45,173,↓ Decreases Risk
AMT_REQ_CREDIT_BUREAU_WEEK,0.001968542869168082,-0.0002450224015747159,96.6,174,↓ Decreases Risk
YEARS_BUILD_AVG,0.0019319062237442397,9.380019065079709e-05,75.3,175,↑ Increases Risk
ENTRANCES_MODE,0.0018798861376507175,2.8025270424137896e-05,48.05,176,↑ Increases Risk
FLOORSMIN_MEDI,0.0018153472567889906,6.7535555422177306e-06,84.35000000000001,177,↑ Increases Risk
ELEVATORS_MEDI,0.0017922127966302351,5.965320358306265e-05,82.15,178,↑ Increases Risk
FLAG_DOCUMENT_8,0.0017874905958185688,-0.0002694575806174969,89.9,179,↓ Decreases Risk
FLOORSMAX_MODE,0.0017810315622916308,-0.00014254704835578116,74.85000000000001,180,↓ Decreases Risk
BB_STATUS_MEAN,0.0016290659735454394,-0.00031400763773331564,86.8,181,↓ Decreases Risk
POS_SK_DPD_MAX,0.001567949773295157,-6.300176330325574e-07,19.05,182,↓ Decreases Risk
BUREAU_UNIQUE_CREDIT_TYPES,0.0015162555674952233,3.4274691981007574e-05,58.650000000000006,183,↑ Increases Risk
POS_DPD_FLAG_SUM,0.0014235355343393092,-0.0002276535276513018,55.00000000000001,184,↓ Decreases Risk
BB_DPD_RATE_MAX,0.0012544554696323588,9.764423162641504e-05,49.85,185,↑ Increases Risk
BB_DPD_MONTHS_TOTAL,0.0012416167137839478,-0.0001191058822975372,91.85,186,↓ Decreases Risk
FLOORSMIN_AVG,0.0012219176874910143,7.738627200433713e-05,58.35,187,↑ Increases Risk
FLOORSMIN_MODE,0.001176154689953025,-0.00021006998509721,77.10000000000001,188,↓ Decreases Risk
CHILDREN_RATIO,0.0011132760068520717,8.02635167951651e-05,19.35,189,↑ Increases Risk
FLAG_OWN_REALTY,0.0010626576482219323,-4.9602840762169816e-05,54.85,190,↓ Decreases Risk
NONLIVINGAPARTMENTS_MEDI,0.0010460750022729774,3.728088949774378e-05,85.8,191,↑ Increases Risk
NONLIVINGAPARTMENTS_MODE,0.0007831403156504231,7.626566584819665e-06,19.6,192,↑ Increases Risk
HOUSETYPE_MODE,0.0007214369258450229,0.00010485700883874208,51.2,193,↑ Increases Risk
ELEVATORS_MODE,0.0007209823060837061,-1.670211529288206e-05,41.199999999999996,194,↓ Decreases Risk
CC_DPD_FLAG_RATE,0.0006714875762085507,8.705186509397415e-05,91.14999999999999,195,↑ Increases Risk
FLAG_DOCUMENT_18,0.0006268857984059297,1.7343988779190605e-05,99.35000000000001,196,↑ Increases Risk
FLAG_EMP_PHONE,0.0005939429127213894,-3.644992062640967e-05,81.8,197,↓ Decreases Risk
BB_CREDITS_WITH_DPD,0.0005046519459371697,-3.451384182657149e-05,96.8,198,↓ Decreases Risk
REG_REGION_NOT_WORK_REGION,0.000492836592363352,-4.525323894040289e-06,93.89999999999999,199,↓ Decreases Risk
BUREAU_PROLONGED_SUM,0.0004627024024853542,0.0001698983214444308,85.5,200,↑ Increases Risk
POS_DPD_RATE,0.0004520482562954845,-5.728915382197195e-05,72.95,201,↓ Decreases Risk
CC_SK_DPD_MAX,0.00043489985532225566,-0.00015771720074898746,83.35000000000001,202,↓ Decreases Risk
FLAG_DOCUMENT_16,0.00043415448109883494,-2.204815551535761e-05,98.7,203,↓ Decreases Risk
REG_REGION_NOT_LIVE_REGION,0.00038140274505293035,7.997913179641005e-05,96.55,204,↑ Increases Risk
AMT_REQ_CREDIT_BUREAU_DAY,0.0003671918070177031,5.2811867681790566e-05,0.6,205,↑ Increases Risk
BB_STATUS_MAX,0.0003122181161541449,-1.3225698073536065e-06,97.6,206,↓ Decreases Risk
PREV_INTEREST_RATE_MAX,0.00029647004671458436,-5.225286207191308e-05,94.6,207,↓ Decreases Risk
CC_SK_DPD_MEAN,0.0002889477563677815,-2.7939495811074232e-05,57.45,208,↓ Decreases Risk
REG_CITY_NOT_WORK_CITY,0.00026010551611976184,4.092785530246733e-06,71.05,209,↑ Increases Risk
LIVE_CITY_NOT_WORK_CITY,0.00025815344474197454,7.460863166379293e-06,66.7,210,↑ Increases Risk
PREV_INTEREST_RATE_MEAN,0.0002509942273514439,-5.6166951297548206e-05,1.0999999999999999,211,↓ Decreases Risk
INST_CHRONIC_LATE_FLAG,0.00021469499502591537,8.02191374115013e-06,12.950000000000001,212,↑ Increases Risk
FLAG_EMAIL,0.0001519179094818961,2.734011277336148e-05,92.55,213,↑ Increases Risk
FLAG_DOCUMENT_13,0.0001395256955710022,-1.9164458605375272e-05,87.9,214,↓ Decreases Risk
LIVE_REGION_NOT_WORK_REGION,0.00013573778108830998,-3.251147210261099e-05,95.8,215,↓ Decreases Risk
EMERGENCYSTATE_MODE,9.612093769653891e-05,3.60365824750098e-06,39.85,216,↑ Increases Risk
FLAG_DOCUMENT_14,9.258994810969995e-05,-3.76521147112646e-06,98.9,217,↓ Decreases Risk
FLAG_DOCUMENT_9,7.377927980519406e-05,1.368291826344486e-06,99.65,218,↑ Increases Risk
FLAG_DOCUMENT_11,6.397141305516292e-05,8.898893499476707e-06,99.55000000000001,219,↑ Increases Risk
FLAG_DOCUMENT_6,2.9235522173212774e-05,-3.0855066769484173e-06,9.45,220,↓ Decreases Risk
FLAG_DOCUMENT_19,0.0,0.0,0.0,221,↓ Decreases Risk
FLAG_DOCUMENT_20,0.0,0.0,0.0,222,↓ Decreases Risk
FLAG_DOCUMENT_21,0.0,0.0,0.0,223,↓ Decreases Risk
FLAG_DOCUMENT_17,0.0,0.0,0.0,224,↓ Decreases Risk
AMT_REQ_CREDIT_BUREAU_HOUR,0.0,0.0,0.0,225,↓ Decreases Risk
FLAG_DOCUMENT_10,0.0,0.0,0.0,226,↓ Decreases Risk
FLAG_DOCUMENT_12,0.0,0.0,0.0,227,↓ Decreases Risk
FLAG_DOCUMENT_15,0.0,0.0,0.0,228,↓ Decreases Risk
FLAG_DOCUMENT_7,0.0,0.0,0.0,229,↓ Decreases Risk
FLAG_DOCUMENT_5,0.0,0.0,0.0,230,↓ Decreases Risk
FLAG_DOCUMENT_4,0.0,0.0,0.0,231,↓ Decreases Risk
FLAG_DOCUMENT_2,0.0,0.0,0.0,232,↓ Decreases Risk
FLAG_MOBIL,0.0,0.0,0.0,233,↓ Decreases Risk
FLAG_CONT_MOBILE,0.0,0.0,0.0,234,↓ Decreases Risk
BUREAU_OVERDUE_FLAG,0.0,0.0,0.0,235,↓ Decreases Risk
PREV_CANCELLED_COUNT,0.0,0.0,0.0,236,↓ Decreases Risk
BB_DPD_CREDIT_RATIO,0.0,0.0,0.0,237,↓ Decreases Risk
PREV_REFUSED_FLAG,0.0,0.0,0.0,238,↓ Decreases Risk
POS_ANY_DPD_FLAG,0.0,0.0,0.0,239,↓ Decreases Risk
INST_LATE_PAYMENT_FLAG,0.0,0.0,0.0,240,↓ Decreases Risk
CC_ANY_DPD_FLAG,0.0,0.0,0.0,241,↓ Decreases Risk
CC_OVER_LIMIT_FLAG,0.0,0.0,0.0,242,↓ Decreases Risk
EXT_SOURCE_1_MISSING,0.0,0.0,0.0,243,↓ Decreases Risk
EXT_SOURCE_2_MISSING,0.0,0.0,0.0,244,↓ Decreases Risk
EXT_SOURCE_3_MISSING,0.0,0.0,0.0,245,↓ Decreases Risk
EXT_SOURCE_MEAN_MISSING,0.0,0.0,0.0,246,↓ Decreases Risk
AMT_ANNUITY_MISSING,0.0,0.0,0.0,247,↓ Decreases Risk
AMT_GOODS_PRICE_MISSING,0.0,0.0,0.0,248,↓ Decreases Risk
BUREAU_AMT_OVERDUE_MAX_MISSING,0.0,0.0,0.0,249,↓ Decreases Risk
INST_DAYS_LATE_MEAN_MISSING,0.0,0.0,0.0,250,↓ Decreases Risk
YEARS_EMPLOYED_MISSING,0.0,0.0,0.0,251,↓ Decreases Risk
CC_UTILISATION_MEAN_MISSING,0.0,0.0,0.0,252,↓ Decreases Risk
